weights,buy_threshold,sell_threshold,weight_verified,weight_non_verified
"[0, 0, 0, 1]",0.2,0.2,0.25,0.75
"[0, 0, 0, 1]",0.2,0.2,0.25,0.75
"[0, 0, 0, 1]",0.2,0.2,0.25,0.75
"[0, 0, 0, 1]",0.2,0.2,0.25,0.75
"[0, 0, 0, 1]",0.2,0.2,0.25,0.75
"[0, 0, 0, 1]",0.2,0.2,0.25,0.75
"[0, 0, 0, 1]",0.2,0.2,0.25,0.75
"[0, 0, 0, 1]",0.2,0.2,0.25,0.75
"[0, 0, 0, 1]",0.2,0.2,0.25,0.75
"[0, 0, 0, 1]",0.2,0.2,0.25,0.75
"[0, 0, 0, 1]",0.2,0.2,0.25,0.75
"[0, 0, 0, 1]",0.2,0.2,0.25,0.75
"[0, 0, 0, 1]",0.2,0.2,0.25,0.75
"[0, 0, 0, 1]",0.2,0.2,0.25,0.75
"[0, 0, 0, 1]",0.2,0.2,0.25,0.75
"[0, 0, 0, 1]",0.2,0.2,0.25,0.75
"[0, 0, 0, 1]",0.2,0.2,0.25,0.75
"[0, 0, 0, 1]",0.2,0.2,0.25,0.75
"[0, 0, 0, 1]",0.2,0.2,0.25,0.75
"[0, 0, 0, 1]",0.2,0.2,0.25,0.75
"[0, 0, 0, 1]",0.2,0.2,0.25,0.75
"[0, 1, 0, 0]",0.11863056912339898,-0.3004086827247313,0.7473397057805096,0.25266029421949043
"[0, 1, 0, 0]",0.11863056912339898,-0.3004086827247313,0.7473397057805096,0.25266029421949043
"[0, 0, 1, 0]",0.687297060901323,-0.8523878392884188,0.2705824627441581,0.7294175372558419
"[0, 0, 1, 0]",0.687297060901323,-0.8523878392884188,0.2705824627441581,0.7294175372558419
"[0.0, 0.5, 0.5, 0.0]",0.13340580333693242,-0.37836613217061943,0.7667032959220018,0.23329670407799818
"[0.5, 0.0, 0.0, 0.5]",0.5295413307788082,-0.5707667721083779,0.31691346082774685,0.6830865391722531
"[0.5, 0.0, 0.0, 0.5]",0.5295413307788082,-0.5707667721083779,0.31691346082774685,0.6830865391722531
"[0.5, 0.0, 0.0, 0.5]",0.5295413307788082,-0.5707667721083779,0.31691346082774685,0.6830865391722531
"[0.5, 0.0, 0.0, 0.5]",0.5295413307788082,-0.5707667721083779,0.31691346082774685,0.6830865391722531
"[0.5, 0.0, 0.0, 0.5]",0.5295413307788082,-0.5707667721083779,0.31691346082774685,0.6830865391722531
"[0.5, 0.0, 0.0, 0.5]",0.5295413307788082,-0.5707667721083779,0.31691346082774685,0.6830865391722531
"[0.5, 0.0, 0.0, 0.5]",0.5295413307788082,-0.5707667721083779,0.31691346082774685,0.6830865391722531
"[0.5, 0.0, 0.0, 0.5]",0.5295413307788082,-0.5707667721083779,0.31691346082774685,0.6830865391722531
"[0.5, 0.0, 0.0, 0.5]",0.5295413307788082,-0.5707667721083779,0.31691346082774685,0.6830865391722531
"[0.5, 0.0, 0.0, 0.5]",0.5295413307788082,-0.5707667721083779,0.31691346082774685,0.6830865391722531
"[0.5, 0.0, 0.0, 0.5]",0.5295413307788082,-0.5707667721083779,0.31691346082774685,0.6830865391722531
"[0.5, 0.0, 0.0, 0.5]",0.5295413307788082,-0.5707667721083779,0.31691346082774685,0.6830865391722531
"[0.5, 0.0, 0.0, 0.5]",0.5295413307788082,-0.5707667721083779,0.31691346082774685,0.6830865391722531
"[0, 1, 0, 0]",1.982252499044268e-05,-0.00868126048189588,0.046856605060374146,0.9531433949396259
"[0, 1, 0, 0]",1.982252499044268e-05,-0.00868126048189588,0.046856605060374146,0.9531433949396259
"[0, 1, 0, 0]",1.982252499044268e-05,-0.00868126048189588,0.046856605060374146,0.9531433949396259
"[0, 1, 0, 0]",1.982252499044268e-05,-0.00868126048189588,0.046856605060374146,0.9531433949396259
"[0, 1, 0, 0]",1.982252499044268e-05,-0.00868126048189588,0.046856605060374146,0.9531433949396259
"[0, 1, 0, 0]",1.982252499044268e-05,-0.00868126048189588,0.046856605060374146,0.9531433949396259
"[0, 1, 0, 0]",1.982252499044268e-05,-0.00868126048189588,0.046856605060374146,0.9531433949396259
"[0, 1, 0, 0]",1.982252499044268e-05,-0.00868126048189588,0.046856605060374146,0.9531433949396259
"[0, 1, 0, 0]",1.982252499044268e-05,-0.00868126048189588,0.046856605060374146,0.9531433949396259
"[0.0, 0.3333333333333333, 0.3333333333333333, 0.3333333333333333]",0.36622578630360025,-0.9995205093640304,0.36964441614801835,0.6303555838519816
"[0.0, 0.3333333333333333, 0.3333333333333333, 0.3333333333333333]",0.36622578630360025,-0.9995205093640304,0.36964441614801835,0.6303555838519816
"[0.0, 0.3333333333333333, 0.3333333333333333, 0.3333333333333333]",0.36622578630360025,-0.9995205093640304,0.36964441614801835,0.6303555838519816
"[0.0, 0.3333333333333333, 0.3333333333333333, 0.3333333333333333]",0.36622578630360025,-0.9995205093640304,0.36964441614801835,0.6303555838519816
"[0.0, 0.3333333333333333, 0.3333333333333333, 0.3333333333333333]",0.36622578630360025,-0.9995205093640304,0.36964441614801835,0.6303555838519816
"[0.0, 0.3333333333333333, 0.3333333333333333, 0.3333333333333333]",0.36622578630360025,-0.9995205093640304,0.36964441614801835,0.6303555838519816
"[1, 0, 0, 0]",0.027567550994070045,-0.006612515795851204,0.4809287065270932,0.5190712934729068
"[1, 0, 0, 0]",0.027567550994070045,-0.006612515795851204,0.4809287065270932,0.5190712934729068
"[0.3333333333333333, 0.3333333333333333, 0.3333333333333333, 0.0]",0.04035213337845722,-0.008995507258835134,0.4014490650847925,0.5985509349152075
"[0.3333333333333333, 0.3333333333333333, 0.3333333333333333, 0.0]",0.04035213337845722,-0.008995507258835134,0.4014490650847925,0.5985509349152075
"[0.3333333333333333, 0.3333333333333333, 0.3333333333333333, 0.0]",0.04035213337845722,-0.008995507258835134,0.4014490650847925,0.5985509349152075
"[0.3333333333333333, 0.3333333333333333, 0.3333333333333333, 0.0]",0.04035213337845722,-0.008995507258835134,0.4014490650847925,0.5985509349152075
"[0.3333333333333333, 0.3333333333333333, 0.3333333333333333, 0.0]",0.04035213337845722,-0.008995507258835134,0.4014490650847925,0.5985509349152075
"[0.3333333333333333, 0.3333333333333333, 0.3333333333333333, 0.0]",0.04035213337845722,-0.008995507258835134,0.4014490650847925,0.5985509349152075
"[0.3333333333333333, 0.3333333333333333, 0.3333333333333333, 0.0]",0.04035213337845722,-0.008995507258835134,0.4014490650847925,0.5985509349152075
"[0.3333333333333333, 0.3333333333333333, 0.3333333333333333, 0.0]",0.04035213337845722,-0.008995507258835134,0.4014490650847925,0.5985509349152075
"[0, 1, 0, 0]",0.03804225980013254,-0.018063313400836556,0.12434544478949183,0.8756545552105082
"[0, 1, 0, 0]",0.03804225980013254,-0.018063313400836556,0.12434544478949183,0.8756545552105082
"[0, 1, 0, 0]",0.03804225980013254,-0.018063313400836556,0.12434544478949183,0.8756545552105082
"[0, 1, 0, 0]",0.03804225980013254,-0.018063313400836556,0.12434544478949183,0.8756545552105082
"[0, 1, 0, 0]",0.03804225980013254,-0.018063313400836556,0.12434544478949183,0.8756545552105082
"[0, 1, 0, 0]",0.03804225980013254,-0.018063313400836556,0.12434544478949183,0.8756545552105082
"[0, 1, 0, 0]",0.03804225980013254,-0.018063313400836556,0.12434544478949183,0.8756545552105082
"[0, 1, 0, 0]",0.03804225980013254,-0.018063313400836556,0.12434544478949183,0.8756545552105082
"[0, 1, 0, 0]",0.03804225980013254,-0.018063313400836556,0.12434544478949183,0.8756545552105082
"[0, 1, 0, 0]",0.03804225980013254,-0.018063313400836556,0.12434544478949183,0.8756545552105082
"[0, 1, 0, 0]",0.03804225980013254,-0.018063313400836556,0.12434544478949183,0.8756545552105082
"[0, 1, 0, 0]",0.03804225980013254,-0.018063313400836556,0.12434544478949183,0.8756545552105082
"[0, 1, 0, 0]",0.03804225980013254,-0.018063313400836556,0.12434544478949183,0.8756545552105082
"[0.0, 0.5, 0.0, 0.5]",0.08924279979390937,-0.8328405837589904,0.8616590660960172,0.13834093390398283
"[0.0, 0.5, 0.0, 0.5]",0.08924279979390937,-0.8328405837589904,0.8616590660960172,0.13834093390398283
"[0.0, 0.5, 0.0, 0.5]",0.08924279979390937,-0.8328405837589904,0.8616590660960172,0.13834093390398283
"[0.0, 0.5, 0.0, 0.5]",0.08924279979390937,-0.8328405837589904,0.8616590660960172,0.13834093390398283
"[0.0, 0.5, 0.0, 0.5]",0.08924279979390937,-0.8328405837589904,0.8616590660960172,0.13834093390398283
"[0.0, 0.5, 0.0, 0.5]",0.08924279979390937,-0.8328405837589904,0.8616590660960172,0.13834093390398283
"[0.0, 0.5, 0.0, 0.5]",0.08924279979390937,-0.8328405837589904,0.8616590660960172,0.13834093390398283
"[0.0, 0.5, 0.0, 0.5]",0.08924279979390937,-0.8328405837589904,0.8616590660960172,0.13834093390398283
"[0.0, 0.5, 0.0, 0.5]",0.08924279979390937,-0.8328405837589904,0.8616590660960172,0.13834093390398283
"[0.0, 0.5, 0.0, 0.5]",0.08924279979390937,-0.8328405837589904,0.8616590660960172,0.13834093390398283
"[0.0, 0.5, 0.0, 0.5]",0.08924279979390937,-0.8328405837589904,0.8616590660960172,0.13834093390398283
"[0.0, 0.5, 0.0, 0.5]",0.08924279979390937,-0.8328405837589904,0.8616590660960172,0.13834093390398283
"[0.0, 0.5, 0.0, 0.5]",0.08924279979390937,-0.8328405837589904,0.8616590660960172,0.13834093390398283
"[0.0, 0.5, 0.0, 0.5]",0.08924279979390937,-0.8328405837589904,0.8616590660960172,0.13834093390398283
"[0.0, 0.5, 0.0, 0.5]",0.08924279979390937,-0.8328405837589904,0.8616590660960172,0.13834093390398283
"[0.0, 0.5, 0.0, 0.5]",0.08924279979390937,-0.8328405837589904,0.8616590660960172,0.13834093390398283
"[0.0, 0.5, 0.0, 0.5]",0.08924279979390937,-0.8328405837589904,0.8616590660960172,0.13834093390398283
"[0.0, 0.5, 0.0, 0.5]",0.08924279979390937,-0.8328405837589904,0.8616590660960172,0.13834093390398283
"[0.0, 0.5, 0.0, 0.5]",0.08924279979390937,-0.8328405837589904,0.8616590660960172,0.13834093390398283
"[0.0, 0.5, 0.0, 0.5]",0.08924279979390937,-0.8328405837589904,0.8616590660960172,0.13834093390398283
"[0.0, 0.5, 0.0, 0.5]",0.08924279979390937,-0.8328405837589904,0.8616590660960172,0.13834093390398283
"[0.0, 0.5, 0.0, 0.5]",0.06746103520114743,-0.12144826683809373,0.63702590006047,0.36297409993953
"[0.0, 0.5, 0.0, 0.5]",0.06746103520114743,-0.12144826683809373,0.63702590006047,0.36297409993953
"[0.0, 0.5, 0.0, 0.5]",0.06746103520114743,-0.12144826683809373,0.63702590006047,0.36297409993953
"[0.0, 0.5, 0.0, 0.5]",0.06746103520114743,-0.12144826683809373,0.63702590006047,0.36297409993953
"[0.0, 0.5, 0.0, 0.5]",0.06746103520114743,-0.12144826683809373,0.63702590006047,0.36297409993953
"[0.0, 0.5, 0.0, 0.5]",0.06746103520114743,-0.12144826683809373,0.63702590006047,0.36297409993953
"[0.0, 0.5, 0.0, 0.5]",0.06746103520114743,-0.12144826683809373,0.63702590006047,0.36297409993953
"[0.0, 0.3333333333333333, 0.3333333333333333, 0.3333333333333333]",0.061437804883540004,-0.08333190973978244,0.8110020846382096,0.18899791536179045
"[0, 0, 0, 1]",0.09523065131223385,-0.06554565762450804,0.988950681745173,0.011049318254827023
"[0, 0, 0, 1]",0.09523065131223385,-0.06554565762450804,0.988950681745173,0.011049318254827023
"[0, 0, 0, 1]",0.09523065131223385,-0.06554565762450804,0.988950681745173,0.011049318254827023
"[0, 0, 0, 1]",0.09523065131223385,-0.06554565762450804,0.988950681745173,0.011049318254827023
"[0, 0, 0, 1]",0.09523065131223385,-0.06554565762450804,0.988950681745173,0.011049318254827023
"[0, 0, 0, 1]",0.09523065131223385,-0.06554565762450804,0.988950681745173,0.011049318254827023
"[0, 0, 0, 1]",0.09523065131223385,-0.06554565762450804,0.988950681745173,0.011049318254827023
"[0, 0, 0, 1]",0.09523065131223385,-0.06554565762450804,0.988950681745173,0.011049318254827023
"[0.0, 0.5, 0.5, 0.0]",0.01984489645257359,-0.044089290458295904,0.31421313069728574,0.6857868693027143
"[0.0, 0.5, 0.5, 0.0]",0.01984489645257359,-0.044089290458295904,0.31421313069728574,0.6857868693027143
"[0.0, 0.5, 0.5, 0.0]",0.01984489645257359,-0.044089290458295904,0.31421313069728574,0.6857868693027143
"[0, 0, 0, 1]",0.05339508823498518,-0.05749551733344338,0.9281343027314373,0.07186569726856273
"[0, 0, 0, 1]",0.05339508823498518,-0.05749551733344338,0.9281343027314373,0.07186569726856273
"[0, 0, 0, 1]",0.05339508823498518,-0.05749551733344338,0.9281343027314373,0.07186569726856273
"[0, 0, 0, 1]",0.05339508823498518,-0.05749551733344338,0.9281343027314373,0.07186569726856273
"[0, 0, 0, 1]",0.05339508823498518,-0.05749551733344338,0.9281343027314373,0.07186569726856273
"[0, 0, 0, 1]",0.05339508823498518,-0.05749551733344338,0.9281343027314373,0.07186569726856273
"[0, 0, 0, 1]",0.05339508823498518,-0.05749551733344338,0.9281343027314373,0.07186569726856273
"[0, 0, 0, 1]",0.05339508823498518,-0.05749551733344338,0.9281343027314373,0.07186569726856273
"[0, 0, 0, 1]",0.05339508823498518,-0.05749551733344338,0.9281343027314373,0.07186569726856273
"[0, 0, 0, 1]",0.05339508823498518,-0.05749551733344338,0.9281343027314373,0.07186569726856273
"[0, 0, 0, 1]",0.05339508823498518,-0.05749551733344338,0.9281343027314373,0.07186569726856273
"[0, 0, 0, 1]",0.05339508823498518,-0.05749551733344338,0.9281343027314373,0.07186569726856273
"[0, 0, 0, 1]",0.05339508823498518,-0.05749551733344338,0.9281343027314373,0.07186569726856273
"[0, 0, 0, 1]",0.05339508823498518,-0.05749551733344338,0.9281343027314373,0.07186569726856273
"[0, 0, 0, 1]",0.05339508823498518,-0.05749551733344338,0.9281343027314373,0.07186569726856273
"[0, 0, 0, 1]",0.05339508823498518,-0.05749551733344338,0.9281343027314373,0.07186569726856273
"[0, 0, 0, 1]",0.05339508823498518,-0.05749551733344338,0.9281343027314373,0.07186569726856273
"[0, 0, 0, 1]",0.05339508823498518,-0.05749551733344338,0.9281343027314373,0.07186569726856273
"[0, 0, 0, 1]",0.05339508823498518,-0.05749551733344338,0.9281343027314373,0.07186569726856273
"[0.0, 0.0, 0.5, 0.5]",0.05860995261636248,-0.04644723566905262,0.8733641025475792,0.12663589745242076
"[0.0, 0.0, 0.5, 0.5]",0.05860995261636248,-0.04644723566905262,0.8733641025475792,0.12663589745242076
"[0.0, 0.0, 0.5, 0.5]",0.05860995261636248,-0.04644723566905262,0.8733641025475792,0.12663589745242076
"[0.0, 0.0, 0.5, 0.5]",0.05860995261636248,-0.04644723566905262,0.8733641025475792,0.12663589745242076
"[0.0, 0.0, 0.5, 0.5]",0.05860995261636248,-0.04644723566905262,0.8733641025475792,0.12663589745242076
"[0.0, 0.0, 0.5, 0.5]",0.05860995261636248,-0.04644723566905262,0.8733641025475792,0.12663589745242076
"[0.0, 0.0, 0.5, 0.5]",0.05860995261636248,-0.04644723566905262,0.8733641025475792,0.12663589745242076
"[0.0, 0.0, 0.5, 0.5]",0.05860995261636248,-0.04644723566905262,0.8733641025475792,0.12663589745242076
"[0.0, 0.3333333333333333, 0.3333333333333333, 0.3333333333333333]",0.4302585663379527,-0.8296815815909863,0.37231137080146515,0.6276886291985349
"[0.0, 0.3333333333333333, 0.3333333333333333, 0.3333333333333333]",0.4302585663379527,-0.8296815815909863,0.37231137080146515,0.6276886291985349
"[0, 0, 0, 1]",0.039668338236625744,-0.05856377481312769,0.29264981997654793,0.7073501800234521
"[0.5, 0.0, 0.5, 0.0]",0.5568359959871749,-0.7454756043719583,0.8100095163759324,0.18999048362406756
"[0.5, 0.0, 0.5, 0.0]",0.5568359959871749,-0.7454756043719583,0.8100095163759324,0.18999048362406756
"[0, 0, 0, 1]",0.04035178175461551,-0.018926260904501113,0.751249316295351,0.24875068370464903
"[0, 0, 0, 1]",0.04035178175461551,-0.018926260904501113,0.751249316295351,0.24875068370464903
"[0, 0, 0, 1]",0.04035178175461551,-0.018926260904501113,0.751249316295351,0.24875068370464903
"[0, 0, 0, 1]",0.04035178175461551,-0.018926260904501113,0.751249316295351,0.24875068370464903
"[0, 0, 0, 1]",0.04035178175461551,-0.018926260904501113,0.751249316295351,0.24875068370464903
"[0, 0, 0, 1]",0.04035178175461551,-0.018926260904501113,0.751249316295351,0.24875068370464903
"[0, 0, 0, 1]",0.04035178175461551,-0.018926260904501113,0.751249316295351,0.24875068370464903
"[0, 0, 0, 1]",0.04035178175461551,-0.018926260904501113,0.751249316295351,0.24875068370464903
"[0, 0, 0, 1]",0.04035178175461551,-0.018926260904501113,0.751249316295351,0.24875068370464903
"[0, 0, 0, 1]",0.04035178175461551,-0.018926260904501113,0.751249316295351,0.24875068370464903
"[0.3333333333333333, 0.3333333333333333, 0.3333333333333333, 0.0]",0.1418126444213068,-0.035570614492203,0.18070726285817873,0.8192927371418213
"[0.3333333333333333, 0.0, 0.3333333333333333, 0.3333333333333333]",0.03214847293337486,-0.038558073242612734,0.9660811182729467,0.03391888172705326
"[0.5, 0.0, 0.5, 0.0]",0.11701898286978374,-0.01639991175433697,0.44605406576229345,0.5539459342377065
"[0.5, 0.0, 0.5, 0.0]",0.1190384322262471,-0.00012364401019970828,0.053951367240520076,0.9460486327594799
"[0.5, 0.5, 0.0, 0.0]",0.07895437172834052,-0.09144158827792337,0.06974058827251206,0.9302594117274879
"[0.5, 0.5, 0.0, 0.0]",0.07895437172834052,-0.09144158827792337,0.06974058827251206,0.9302594117274879
"[0.5, 0.5, 0.0, 0.0]",0.07895437172834052,-0.09144158827792337,0.06974058827251206,0.9302594117274879
"[0.5, 0.5, 0.0, 0.0]",0.07895437172834052,-0.09144158827792337,0.06974058827251206,0.9302594117274879
"[0, 0, 0, 1]",0.12066746410437112,-0.43943248945209745,0.013660232341095258,0.9863397676589047
"[0, 0, 0, 1]",0.12066746410437112,-0.43943248945209745,0.013660232341095258,0.9863397676589047
"[0, 0, 0, 1]",0.12066746410437112,-0.43943248945209745,0.013660232341095258,0.9863397676589047
"[0, 0, 0, 1]",0.12066746410437112,-0.43943248945209745,0.013660232341095258,0.9863397676589047
"[0, 0, 0, 1]",0.12066746410437112,-0.43943248945209745,0.013660232341095258,0.9863397676589047
"[0, 0, 0, 1]",0.12066746410437112,-0.43943248945209745,0.013660232341095258,0.9863397676589047
"[0, 0, 0, 1]",0.12066746410437112,-0.43943248945209745,0.013660232341095258,0.9863397676589047
"[0, 0, 0, 1]",0.12066746410437112,-0.43943248945209745,0.013660232341095258,0.9863397676589047
"[0.0, 0.5, 0.5, 0.0]",0.11334082033415649,-0.21116616697705315,0.03000942254937422,0.9699905774506258
"[0.0, 0.5, 0.5, 0.0]",0.11334082033415649,-0.21116616697705315,0.03000942254937422,0.9699905774506258
"[0.0, 0.5, 0.5, 0.0]",0.11334082033415649,-0.21116616697705315,0.03000942254937422,0.9699905774506258
"[0.0, 0.5, 0.5, 0.0]",0.11334082033415649,-0.21116616697705315,0.03000942254937422,0.9699905774506258
"[0.0, 0.5, 0.5, 0.0]",0.11334082033415649,-0.21116616697705315,0.03000942254937422,0.9699905774506258
"[0.0, 0.5, 0.5, 0.0]",0.11334082033415649,-0.21116616697705315,0.03000942254937422,0.9699905774506258
"[0.0, 0.5, 0.5, 0.0]",0.11334082033415649,-0.21116616697705315,0.03000942254937422,0.9699905774506258
"[0.0, 0.5, 0.5, 0.0]",0.11334082033415649,-0.21116616697705315,0.03000942254937422,0.9699905774506258
"[0.0, 0.5, 0.5, 0.0]",0.11334082033415649,-0.21116616697705315,0.03000942254937422,0.9699905774506258
"[0.0, 0.5, 0.5, 0.0]",0.11334082033415649,-0.21116616697705315,0.03000942254937422,0.9699905774506258
"[0.0, 0.5, 0.5, 0.0]",0.11334082033415649,-0.21116616697705315,0.03000942254937422,0.9699905774506258
"[0.0, 0.5, 0.5, 0.0]",0.11334082033415649,-0.21116616697705315,0.03000942254937422,0.9699905774506258
"[0.0, 0.5, 0.5, 0.0]",0.11334082033415649,-0.21116616697705315,0.03000942254937422,0.9699905774506258
"[0.0, 0.5, 0.5, 0.0]",0.11334082033415649,-0.21116616697705315,0.03000942254937422,0.9699905774506258
"[0.0, 0.5, 0.5, 0.0]",0.11334082033415649,-0.21116616697705315,0.03000942254937422,0.9699905774506258
"[0.0, 0.5, 0.5, 0.0]",0.11334082033415649,-0.21116616697705315,0.03000942254937422,0.9699905774506258
"[0.0, 0.5, 0.5, 0.0]",0.11334082033415649,-0.21116616697705315,0.03000942254937422,0.9699905774506258
"[0.0, 0.5, 0.5, 0.0]",0.11334082033415649,-0.21116616697705315,0.03000942254937422,0.9699905774506258
"[0.0, 0.5, 0.5, 0.0]",0.11334082033415649,-0.21116616697705315,0.03000942254937422,0.9699905774506258
"[0.0, 0.5, 0.5, 0.0]",0.11334082033415649,-0.21116616697705315,0.03000942254937422,0.9699905774506258
"[0.0, 0.5, 0.5, 0.0]",0.11334082033415649,-0.21116616697705315,0.03000942254937422,0.9699905774506258
"[0.0, 0.5, 0.5, 0.0]",0.04019612583136789,-0.17392516131207414,0.3990694942562144,0.6009305057437856
"[0.0, 0.5, 0.5, 0.0]",0.04019612583136789,-0.17392516131207414,0.3990694942562144,0.6009305057437856
"[0.0, 0.5, 0.5, 0.0]",0.04019612583136789,-0.17392516131207414,0.3990694942562144,0.6009305057437856
"[0.0, 0.5, 0.5, 0.0]",0.04019612583136789,-0.17392516131207414,0.3990694942562144,0.6009305057437856
"[0.0, 0.5, 0.5, 0.0]",0.04019612583136789,-0.17392516131207414,0.3990694942562144,0.6009305057437856
"[0.0, 0.5, 0.5, 0.0]",0.04019612583136789,-0.17392516131207414,0.3990694942562144,0.6009305057437856
"[0.0, 0.5, 0.5, 0.0]",0.03996074069784761,-0.20269054074494752,0.4472957040224651,0.5527042959775349
"[0.0, 0.5, 0.5, 0.0]",0.03996074069784761,-0.20269054074494752,0.4472957040224651,0.5527042959775349
"[0.0, 0.5, 0.5, 0.0]",0.03996074069784761,-0.20269054074494752,0.4472957040224651,0.5527042959775349
"[0.0, 0.5, 0.5, 0.0]",0.03996074069784761,-0.20269054074494752,0.4472957040224651,0.5527042959775349
"[0.0, 0.5, 0.5, 0.0]",0.03996074069784761,-0.20269054074494752,0.4472957040224651,0.5527042959775349
"[0.0, 0.5, 0.5, 0.0]",0.03996074069784761,-0.20269054074494752,0.4472957040224651,0.5527042959775349
"[0.0, 0.5, 0.5, 0.0]",0.03996074069784761,-0.20269054074494752,0.4472957040224651,0.5527042959775349
"[0.0, 0.5, 0.5, 0.0]",0.03996074069784761,-0.20269054074494752,0.4472957040224651,0.5527042959775349
"[0.0, 0.5, 0.5, 0.0]",0.03996074069784761,-0.20269054074494752,0.4472957040224651,0.5527042959775349
"[0.0, 0.5, 0.5, 0.0]",0.03996074069784761,-0.20269054074494752,0.4472957040224651,0.5527042959775349
"[0.0, 0.5, 0.5, 0.0]",0.03996074069784761,-0.20269054074494752,0.4472957040224651,0.5527042959775349
"[0.0, 0.5, 0.5, 0.0]",0.03996074069784761,-0.20269054074494752,0.4472957040224651,0.5527042959775349
"[0.0, 0.5, 0.5, 0.0]",0.03996074069784761,-0.20269054074494752,0.4472957040224651,0.5527042959775349
"[0.0, 0.5, 0.5, 0.0]",0.03996074069784761,-0.20269054074494752,0.4472957040224651,0.5527042959775349
"[0.0, 0.5, 0.5, 0.0]",0.03996074069784761,-0.20269054074494752,0.4472957040224651,0.5527042959775349
"[0.0, 0.5, 0.5, 0.0]",0.03996074069784761,-0.20269054074494752,0.4472957040224651,0.5527042959775349
"[0.0, 0.5, 0.5, 0.0]",0.03996074069784761,-0.20269054074494752,0.4472957040224651,0.5527042959775349
"[0.0, 0.5, 0.5, 0.0]",0.03996074069784761,-0.20269054074494752,0.4472957040224651,0.5527042959775349
"[0.0, 0.5, 0.5, 0.0]",0.03996074069784761,-0.20269054074494752,0.4472957040224651,0.5527042959775349
"[0.0, 0.5, 0.5, 0.0]",0.03996074069784761,-0.20269054074494752,0.4472957040224651,0.5527042959775349
"[0.0, 0.5, 0.5, 0.0]",0.03996074069784761,-0.20269054074494752,0.4472957040224651,0.5527042959775349
"[0.0, 0.5, 0.5, 0.0]",0.03996074069784761,-0.20269054074494752,0.4472957040224651,0.5527042959775349
"[0.0, 0.5, 0.5, 0.0]",0.03996074069784761,-0.20269054074494752,0.4472957040224651,0.5527042959775349
"[0.0, 0.5, 0.5, 0.0]",0.03996074069784761,-0.20269054074494752,0.4472957040224651,0.5527042959775349
"[0.0, 0.5, 0.5, 0.0]",0.03996074069784761,-0.20269054074494752,0.4472957040224651,0.5527042959775349
"[0.0, 0.5, 0.5, 0.0]",0.03996074069784761,-0.20269054074494752,0.4472957040224651,0.5527042959775349
"[0.0, 0.5, 0.5, 0.0]",0.03996074069784761,-0.20269054074494752,0.4472957040224651,0.5527042959775349
"[0.0, 0.5, 0.5, 0.0]",0.03996074069784761,-0.20269054074494752,0.4472957040224651,0.5527042959775349
"[0.0, 0.5, 0.5, 0.0]",0.03996074069784761,-0.20269054074494752,0.4472957040224651,0.5527042959775349
"[0.0, 0.5, 0.5, 0.0]",0.03996074069784761,-0.20269054074494752,0.4472957040224651,0.5527042959775349
"[0.0, 0.5, 0.5, 0.0]",0.03996074069784761,-0.20269054074494752,0.4472957040224651,0.5527042959775349
"[0.0, 0.5, 0.5, 0.0]",0.03996074069784761,-0.20269054074494752,0.4472957040224651,0.5527042959775349
"[0.0, 0.5, 0.5, 0.0]",0.03996074069784761,-0.20269054074494752,0.4472957040224651,0.5527042959775349
"[0.0, 0.5, 0.5, 0.0]",0.03996074069784761,-0.20269054074494752,0.4472957040224651,0.5527042959775349
"[0.0, 0.5, 0.5, 0.0]",0.03996074069784761,-0.20269054074494752,0.4472957040224651,0.5527042959775349
"[0.0, 0.5, 0.5, 0.0]",0.03996074069784761,-0.20269054074494752,0.4472957040224651,0.5527042959775349
"[0.0, 0.5, 0.5, 0.0]",0.03996074069784761,-0.20269054074494752,0.4472957040224651,0.5527042959775349
"[0.0, 0.5, 0.5, 0.0]",0.03996074069784761,-0.20269054074494752,0.4472957040224651,0.5527042959775349
"[0.0, 0.5, 0.5, 0.0]",0.03996074069784761,-0.20269054074494752,0.4472957040224651,0.5527042959775349
"[0.0, 0.5, 0.5, 0.0]",0.03996074069784761,-0.20269054074494752,0.4472957040224651,0.5527042959775349
"[0.0, 0.5, 0.5, 0.0]",0.03996074069784761,-0.20269054074494752,0.4472957040224651,0.5527042959775349
"[0, 1, 0, 0]",0.09255840221415002,-0.14415679524528047,0.7004227874067226,0.2995772125932774
"[0, 1, 0, 0]",0.09255840221415002,-0.14415679524528047,0.7004227874067226,0.2995772125932774
"[0, 1, 0, 0]",0.09255840221415002,-0.14415679524528047,0.7004227874067226,0.2995772125932774
"[0, 1, 0, 0]",0.09255840221415002,-0.14415679524528047,0.7004227874067226,0.2995772125932774
"[0, 1, 0, 0]",0.09255840221415002,-0.14415679524528047,0.7004227874067226,0.2995772125932774
"[0, 1, 0, 0]",0.09255840221415002,-0.14415679524528047,0.7004227874067226,0.2995772125932774
"[0, 1, 0, 0]",0.09255840221415002,-0.14415679524528047,0.7004227874067226,0.2995772125932774
"[0, 1, 0, 0]",0.09255840221415002,-0.14415679524528047,0.7004227874067226,0.2995772125932774
"[0, 1, 0, 0]",0.09255840221415002,-0.14415679524528047,0.7004227874067226,0.2995772125932774
"[0, 1, 0, 0]",0.09255840221415002,-0.14415679524528047,0.7004227874067226,0.2995772125932774
"[0, 1, 0, 0]",0.09255840221415002,-0.14415679524528047,0.7004227874067226,0.2995772125932774
"[0, 1, 0, 0]",0.09255840221415002,-0.14415679524528047,0.7004227874067226,0.2995772125932774
"[0, 1, 0, 0]",0.09255840221415002,-0.14415679524528047,0.7004227874067226,0.2995772125932774
"[0, 1, 0, 0]",0.09255840221415002,-0.14415679524528047,0.7004227874067226,0.2995772125932774
"[0, 1, 0, 0]",0.09255840221415002,-0.14415679524528047,0.7004227874067226,0.2995772125932774
"[0, 1, 0, 0]",0.09255840221415002,-0.14415679524528047,0.7004227874067226,0.2995772125932774
"[0, 1, 0, 0]",0.09255840221415002,-0.14415679524528047,0.7004227874067226,0.2995772125932774
"[0, 1, 0, 0]",0.09255840221415002,-0.14415679524528047,0.7004227874067226,0.2995772125932774
"[0, 1, 0, 0]",0.09255840221415002,-0.14415679524528047,0.7004227874067226,0.2995772125932774
"[0, 1, 0, 0]",0.09255840221415002,-0.14415679524528047,0.7004227874067226,0.2995772125932774
"[0, 1, 0, 0]",0.09255840221415002,-0.14415679524528047,0.7004227874067226,0.2995772125932774
"[0, 1, 0, 0]",0.09255840221415002,-0.14415679524528047,0.7004227874067226,0.2995772125932774
"[0, 1, 0, 0]",0.09255840221415002,-0.14415679524528047,0.7004227874067226,0.2995772125932774
"[0, 1, 0, 0]",0.09255840221415002,-0.14415679524528047,0.7004227874067226,0.2995772125932774
"[0, 1, 0, 0]",0.09255840221415002,-0.14415679524528047,0.7004227874067226,0.2995772125932774
"[0, 1, 0, 0]",0.09255840221415002,-0.14415679524528047,0.7004227874067226,0.2995772125932774
"[0, 1, 0, 0]",0.09255840221415002,-0.14415679524528047,0.7004227874067226,0.2995772125932774
"[0, 1, 0, 0]",0.08686788419987257,-0.07780011492991812,0.7593141909083825,0.24068580909161752
"[0, 1, 0, 0]",0.08686788419987257,-0.07780011492991812,0.7593141909083825,0.24068580909161752
"[0, 1, 0, 0]",0.08686788419987257,-0.07780011492991812,0.7593141909083825,0.24068580909161752
"[0, 1, 0, 0]",0.08686788419987257,-0.07780011492991812,0.7593141909083825,0.24068580909161752
"[0, 1, 0, 0]",0.08686788419987257,-0.07780011492991812,0.7593141909083825,0.24068580909161752
"[0, 1, 0, 0]",0.08686788419987257,-0.07780011492991812,0.7593141909083825,0.24068580909161752
"[0.3333333333333333, 0.0, 0.3333333333333333, 0.3333333333333333]",0.025521890698326555,-0.03429586383829197,0.8479133638841321,0.15208663611586792
"[0.3333333333333333, 0.0, 0.3333333333333333, 0.3333333333333333]",0.025521890698326555,-0.03429586383829197,0.8479133638841321,0.15208663611586792
"[0, 0, 0, 1]",0.013308218551640216,-0.03734503488574026,0.789131836668516,0.21086816333148395
"[0, 0, 0, 1]",0.013308218551640216,-0.03734503488574026,0.789131836668516,0.21086816333148395
"[0, 0, 0, 1]",0.013308218551640216,-0.03734503488574026,0.789131836668516,0.21086816333148395
"[0, 0, 0, 1]",0.013308218551640216,-0.03734503488574026,0.789131836668516,0.21086816333148395
"[0, 0, 0, 1]",0.013308218551640216,-0.03734503488574026,0.789131836668516,0.21086816333148395
"[0, 0, 0, 1]",0.013308218551640216,-0.03734503488574026,0.789131836668516,0.21086816333148395
"[0, 0, 0, 1]",0.013308218551640216,-0.03734503488574026,0.789131836668516,0.21086816333148395
"[0, 0, 0, 1]",0.013308218551640216,-0.03734503488574026,0.789131836668516,0.21086816333148395
"[0, 0, 0, 1]",0.013308218551640216,-0.03734503488574026,0.789131836668516,0.21086816333148395
"[0, 0, 0, 1]",0.013308218551640216,-0.03734503488574026,0.789131836668516,0.21086816333148395
"[0, 0, 0, 1]",0.013308218551640216,-0.03734503488574026,0.789131836668516,0.21086816333148395
"[0, 0, 0, 1]",0.013308218551640216,-0.03734503488574026,0.789131836668516,0.21086816333148395
"[0, 0, 0, 1]",0.013308218551640216,-0.03734503488574026,0.789131836668516,0.21086816333148395
"[0, 0, 0, 1]",0.013308218551640216,-0.03734503488574026,0.789131836668516,0.21086816333148395
"[0, 0, 0, 1]",0.013308218551640216,-0.03734503488574026,0.789131836668516,0.21086816333148395
"[0, 0, 0, 1]",0.013308218551640216,-0.03734503488574026,0.789131836668516,0.21086816333148395
"[0, 0, 0, 1]",0.013308218551640216,-0.03734503488574026,0.789131836668516,0.21086816333148395
"[0, 0, 0, 1]",0.013308218551640216,-0.03734503488574026,0.789131836668516,0.21086816333148395
"[0, 0, 0, 1]",0.013308218551640216,-0.03734503488574026,0.789131836668516,0.21086816333148395
"[0, 0, 0, 1]",0.013308218551640216,-0.03734503488574026,0.789131836668516,0.21086816333148395
"[0, 0, 0, 1]",0.013308218551640216,-0.03734503488574026,0.789131836668516,0.21086816333148395
"[0, 0, 0, 1]",0.013308218551640216,-0.03734503488574026,0.789131836668516,0.21086816333148395
"[0, 0, 0, 1]",0.013308218551640216,-0.03734503488574026,0.789131836668516,0.21086816333148395
"[0, 0, 0, 1]",0.013308218551640216,-0.03734503488574026,0.789131836668516,0.21086816333148395
"[0, 0, 0, 1]",0.013308218551640216,-0.03734503488574026,0.789131836668516,0.21086816333148395
"[0, 0, 0, 1]",0.013308218551640216,-0.03734503488574026,0.789131836668516,0.21086816333148395
"[0, 0, 0, 1]",0.013308218551640216,-0.03734503488574026,0.789131836668516,0.21086816333148395
"[0, 0, 0, 1]",0.013308218551640216,-0.03734503488574026,0.789131836668516,0.21086816333148395
"[0, 0, 0, 1]",0.013308218551640216,-0.03734503488574026,0.789131836668516,0.21086816333148395
"[0, 0, 0, 1]",0.013308218551640216,-0.03734503488574026,0.789131836668516,0.21086816333148395
"[0, 0, 0, 1]",0.013308218551640216,-0.03734503488574026,0.789131836668516,0.21086816333148395
"[0, 0, 0, 1]",0.013308218551640216,-0.03734503488574026,0.789131836668516,0.21086816333148395
"[0, 0, 0, 1]",0.013308218551640216,-0.03734503488574026,0.789131836668516,0.21086816333148395
"[0, 0, 0, 1]",0.013308218551640216,-0.03734503488574026,0.789131836668516,0.21086816333148395
"[0, 0, 0, 1]",0.013308218551640216,-0.03734503488574026,0.789131836668516,0.21086816333148395
"[0.0, 0.3333333333333333, 0.3333333333333333, 0.3333333333333333]",0.33450752094411174,-0.053003021342328704,0.39447320845911704,0.605526791540883
"[0.0, 0.3333333333333333, 0.3333333333333333, 0.3333333333333333]",0.33450752094411174,-0.053003021342328704,0.39447320845911704,0.605526791540883
"[0.0, 0.3333333333333333, 0.3333333333333333, 0.3333333333333333]",0.33450752094411174,-0.053003021342328704,0.39447320845911704,0.605526791540883
"[0.0, 0.3333333333333333, 0.3333333333333333, 0.3333333333333333]",0.33450752094411174,-0.053003021342328704,0.39447320845911704,0.605526791540883
"[0.0, 0.3333333333333333, 0.3333333333333333, 0.3333333333333333]",0.33450752094411174,-0.053003021342328704,0.39447320845911704,0.605526791540883
"[0.0, 0.3333333333333333, 0.3333333333333333, 0.3333333333333333]",0.33450752094411174,-0.053003021342328704,0.39447320845911704,0.605526791540883
"[0, 1, 0, 0]",0.07911176645282059,-0.04748861672766147,0.7074165218254705,0.29258347817452945
"[0, 1, 0, 0]",0.07911176645282059,-0.04748861672766147,0.7074165218254705,0.29258347817452945
"[0.0, 0.5, 0.0, 0.5]",0.25322290782524826,-0.05250817187067214,0.819935082359684,0.18006491764031596
"[0.0, 0.5, 0.0, 0.5]",0.25322290782524826,-0.05250817187067214,0.819935082359684,0.18006491764031596
"[0.0, 0.5, 0.0, 0.5]",0.25322290782524826,-0.05250817187067214,0.819935082359684,0.18006491764031596
"[0.0, 0.5, 0.0, 0.5]",0.25322290782524826,-0.05250817187067214,0.819935082359684,0.18006491764031596
"[0.3333333333333333, 0.0, 0.3333333333333333, 0.3333333333333333]",0.16559724899512496,-0.06020201237166112,0.02110571784734394,0.9788942821526561
"[0.3333333333333333, 0.0, 0.3333333333333333, 0.3333333333333333]",0.16559724899512496,-0.06020201237166112,0.02110571784734394,0.9788942821526561
"[0.3333333333333333, 0.0, 0.3333333333333333, 0.3333333333333333]",0.16559724899512496,-0.06020201237166112,0.02110571784734394,0.9788942821526561
"[0.3333333333333333, 0.0, 0.3333333333333333, 0.3333333333333333]",0.16559724899512496,-0.06020201237166112,0.02110571784734394,0.9788942821526561
"[0.3333333333333333, 0.0, 0.3333333333333333, 0.3333333333333333]",0.16559724899512496,-0.06020201237166112,0.02110571784734394,0.9788942821526561
"[0.3333333333333333, 0.0, 0.3333333333333333, 0.3333333333333333]",0.16559724899512496,-0.06020201237166112,0.02110571784734394,0.9788942821526561
"[0.3333333333333333, 0.0, 0.3333333333333333, 0.3333333333333333]",0.16559724899512496,-0.06020201237166112,0.02110571784734394,0.9788942821526561
"[0.3333333333333333, 0.0, 0.3333333333333333, 0.3333333333333333]",0.16559724899512496,-0.06020201237166112,0.02110571784734394,0.9788942821526561
"[0.3333333333333333, 0.0, 0.3333333333333333, 0.3333333333333333]",0.16559724899512496,-0.06020201237166112,0.02110571784734394,0.9788942821526561
"[0.3333333333333333, 0.0, 0.3333333333333333, 0.3333333333333333]",0.16559724899512496,-0.06020201237166112,0.02110571784734394,0.9788942821526561
"[0.3333333333333333, 0.0, 0.3333333333333333, 0.3333333333333333]",0.16559724899512496,-0.06020201237166112,0.02110571784734394,0.9788942821526561
"[0.3333333333333333, 0.0, 0.3333333333333333, 0.3333333333333333]",0.16559724899512496,-0.06020201237166112,0.02110571784734394,0.9788942821526561
"[0.3333333333333333, 0.0, 0.3333333333333333, 0.3333333333333333]",0.16559724899512496,-0.06020201237166112,0.02110571784734394,0.9788942821526561
"[0.3333333333333333, 0.0, 0.3333333333333333, 0.3333333333333333]",0.16559724899512496,-0.06020201237166112,0.02110571784734394,0.9788942821526561
"[0.3333333333333333, 0.0, 0.3333333333333333, 0.3333333333333333]",0.16559724899512496,-0.06020201237166112,0.02110571784734394,0.9788942821526561
"[0.3333333333333333, 0.0, 0.3333333333333333, 0.3333333333333333]",0.16559724899512496,-0.06020201237166112,0.02110571784734394,0.9788942821526561
"[0.3333333333333333, 0.0, 0.3333333333333333, 0.3333333333333333]",0.16559724899512496,-0.06020201237166112,0.02110571784734394,0.9788942821526561
"[0.3333333333333333, 0.0, 0.3333333333333333, 0.3333333333333333]",0.16559724899512496,-0.06020201237166112,0.02110571784734394,0.9788942821526561
"[0.3333333333333333, 0.0, 0.3333333333333333, 0.3333333333333333]",0.16559724899512496,-0.06020201237166112,0.02110571784734394,0.9788942821526561
"[0.3333333333333333, 0.0, 0.3333333333333333, 0.3333333333333333]",0.16559724899512496,-0.06020201237166112,0.02110571784734394,0.9788942821526561
"[0.3333333333333333, 0.0, 0.3333333333333333, 0.3333333333333333]",0.16559724899512496,-0.06020201237166112,0.02110571784734394,0.9788942821526561
"[0.3333333333333333, 0.0, 0.3333333333333333, 0.3333333333333333]",0.16559724899512496,-0.06020201237166112,0.02110571784734394,0.9788942821526561
"[0.3333333333333333, 0.0, 0.3333333333333333, 0.3333333333333333]",0.16559724899512496,-0.06020201237166112,0.02110571784734394,0.9788942821526561
"[0.3333333333333333, 0.0, 0.3333333333333333, 0.3333333333333333]",0.16559724899512496,-0.06020201237166112,0.02110571784734394,0.9788942821526561
"[0.3333333333333333, 0.0, 0.3333333333333333, 0.3333333333333333]",0.16559724899512496,-0.06020201237166112,0.02110571784734394,0.9788942821526561
"[0.3333333333333333, 0.0, 0.3333333333333333, 0.3333333333333333]",0.16559724899512496,-0.06020201237166112,0.02110571784734394,0.9788942821526561
"[0.3333333333333333, 0.0, 0.3333333333333333, 0.3333333333333333]",0.16559724899512496,-0.06020201237166112,0.02110571784734394,0.9788942821526561
"[0.3333333333333333, 0.0, 0.3333333333333333, 0.3333333333333333]",0.16559724899512496,-0.06020201237166112,0.02110571784734394,0.9788942821526561
"[0.3333333333333333, 0.0, 0.3333333333333333, 0.3333333333333333]",0.16559724899512496,-0.06020201237166112,0.02110571784734394,0.9788942821526561
"[0.3333333333333333, 0.0, 0.3333333333333333, 0.3333333333333333]",0.16559724899512496,-0.06020201237166112,0.02110571784734394,0.9788942821526561
"[0.3333333333333333, 0.0, 0.3333333333333333, 0.3333333333333333]",0.16559724899512496,-0.06020201237166112,0.02110571784734394,0.9788942821526561
"[0.3333333333333333, 0.0, 0.3333333333333333, 0.3333333333333333]",0.16559724899512496,-0.06020201237166112,0.02110571784734394,0.9788942821526561
"[0.3333333333333333, 0.0, 0.3333333333333333, 0.3333333333333333]",0.16559724899512496,-0.06020201237166112,0.02110571784734394,0.9788942821526561
"[0.3333333333333333, 0.0, 0.3333333333333333, 0.3333333333333333]",0.16559724899512496,-0.06020201237166112,0.02110571784734394,0.9788942821526561
"[0.3333333333333333, 0.0, 0.3333333333333333, 0.3333333333333333]",0.16559724899512496,-0.06020201237166112,0.02110571784734394,0.9788942821526561
"[0.3333333333333333, 0.0, 0.3333333333333333, 0.3333333333333333]",0.16559724899512496,-0.06020201237166112,0.02110571784734394,0.9788942821526561
"[0.3333333333333333, 0.0, 0.3333333333333333, 0.3333333333333333]",0.16559724899512496,-0.06020201237166112,0.02110571784734394,0.9788942821526561
"[0.3333333333333333, 0.0, 0.3333333333333333, 0.3333333333333333]",0.16559724899512496,-0.06020201237166112,0.02110571784734394,0.9788942821526561
"[0.3333333333333333, 0.0, 0.3333333333333333, 0.3333333333333333]",0.16559724899512496,-0.06020201237166112,0.02110571784734394,0.9788942821526561
"[0.3333333333333333, 0.0, 0.3333333333333333, 0.3333333333333333]",0.16559724899512496,-0.06020201237166112,0.02110571784734394,0.9788942821526561
"[0.3333333333333333, 0.0, 0.3333333333333333, 0.3333333333333333]",0.16559724899512496,-0.06020201237166112,0.02110571784734394,0.9788942821526561
"[0.3333333333333333, 0.0, 0.3333333333333333, 0.3333333333333333]",0.16559724899512496,-0.06020201237166112,0.02110571784734394,0.9788942821526561
"[0.3333333333333333, 0.0, 0.3333333333333333, 0.3333333333333333]",0.16559724899512496,-0.06020201237166112,0.02110571784734394,0.9788942821526561
"[0.3333333333333333, 0.0, 0.3333333333333333, 0.3333333333333333]",0.16559724899512496,-0.06020201237166112,0.02110571784734394,0.9788942821526561
"[0.0, 0.5, 0.5, 0.0]",0.020937818538224295,-0.051596145510994784,0.8222682356039559,0.1777317643960441
"[0.0, 0.5, 0.5, 0.0]",0.020937818538224295,-0.051596145510994784,0.8222682356039559,0.1777317643960441
"[0.0, 0.5, 0.5, 0.0]",0.020937818538224295,-0.051596145510994784,0.8222682356039559,0.1777317643960441
"[0.0, 0.3333333333333333, 0.3333333333333333, 0.3333333333333333]",0.004778310212653292,-0.07914906474187289,0.3082500232040507,0.6917499767959493
"[0.0, 0.3333333333333333, 0.3333333333333333, 0.3333333333333333]",0.004778310212653292,-0.07914906474187289,0.3082500232040507,0.6917499767959493
"[0, 0, 1, 0]",0.4227909613187315,-0.9012281925962558,0.09206457118893518,0.9079354288110648
"[0, 0, 1, 0]",0.4227909613187315,-0.9012281925962558,0.09206457118893518,0.9079354288110648
"[0, 0, 1, 0]",0.4227909613187315,-0.9012281925962558,0.09206457118893518,0.9079354288110648
"[0, 0, 1, 0]",0.4227909613187315,-0.9012281925962558,0.09206457118893518,0.9079354288110648
"[0, 0, 1, 0]",0.4227909613187315,-0.9012281925962558,0.09206457118893518,0.9079354288110648
"[0, 0, 1, 0]",0.4227909613187315,-0.9012281925962558,0.09206457118893518,0.9079354288110648
"[0, 0, 1, 0]",0.4227909613187315,-0.9012281925962558,0.09206457118893518,0.9079354288110648
"[0, 0, 1, 0]",0.4227909613187315,-0.9012281925962558,0.09206457118893518,0.9079354288110648
"[0, 0, 1, 0]",0.4227909613187315,-0.9012281925962558,0.09206457118893518,0.9079354288110648
"[0, 0, 1, 0]",0.4227909613187315,-0.9012281925962558,0.09206457118893518,0.9079354288110648
"[0, 0, 1, 0]",0.4227909613187315,-0.9012281925962558,0.09206457118893518,0.9079354288110648
"[0, 0, 1, 0]",0.4227909613187315,-0.9012281925962558,0.09206457118893518,0.9079354288110648
"[0, 0, 1, 0]",0.4227909613187315,-0.9012281925962558,0.09206457118893518,0.9079354288110648
"[0, 0, 1, 0]",0.4227909613187315,-0.9012281925962558,0.09206457118893518,0.9079354288110648
"[0, 0, 1, 0]",0.4227909613187315,-0.9012281925962558,0.09206457118893518,0.9079354288110648
"[0, 0, 1, 0]",0.4227909613187315,-0.9012281925962558,0.09206457118893518,0.9079354288110648
"[0, 0, 0, 1]",0.20037980524879995,-0.03436220299567172,0.013647031132358323,0.9863529688676417
"[0, 0, 0, 1]",0.20037980524879995,-0.03436220299567172,0.013647031132358323,0.9863529688676417
"[0, 0, 0, 1]",0.20037980524879995,-0.03436220299567172,0.013647031132358323,0.9863529688676417
"[0, 0, 0, 1]",0.20037980524879995,-0.03436220299567172,0.013647031132358323,0.9863529688676417
"[0, 0, 0, 1]",0.20037980524879995,-0.03436220299567172,0.013647031132358323,0.9863529688676417
"[0.5, 0.5, 0.0, 0.0]",0.14057384548799112,-0.1958489864851124,0.7568151555363462,0.24318484446365385
"[0.5, 0.5, 0.0, 0.0]",0.14057384548799112,-0.1958489864851124,0.7568151555363462,0.24318484446365385
"[0.5, 0.5, 0.0, 0.0]",0.14057384548799112,-0.1958489864851124,0.7568151555363462,0.24318484446365385
"[1, 0, 0, 0]",0.04746947826974246,-0.5083437263703684,0.36403411244332384,0.6359658875566762
"[0.3333333333333333, 0.3333333333333333, 0.3333333333333333, 0.0]",0.037897255014320064,-0.955590261004512,0.08528161816670288,0.9147183818332971
"[0.3333333333333333, 0.3333333333333333, 0.3333333333333333, 0.0]",0.037897255014320064,-0.955590261004512,0.08528161816670288,0.9147183818332971
"[0.3333333333333333, 0.3333333333333333, 0.3333333333333333, 0.0]",0.037897255014320064,-0.955590261004512,0.08528161816670288,0.9147183818332971
"[0.3333333333333333, 0.3333333333333333, 0.3333333333333333, 0.0]",0.037897255014320064,-0.955590261004512,0.08528161816670288,0.9147183818332971
"[0.3333333333333333, 0.3333333333333333, 0.3333333333333333, 0.0]",0.037897255014320064,-0.955590261004512,0.08528161816670288,0.9147183818332971
"[0.3333333333333333, 0.3333333333333333, 0.3333333333333333, 0.0]",0.037897255014320064,-0.955590261004512,0.08528161816670288,0.9147183818332971
"[0.3333333333333333, 0.3333333333333333, 0.3333333333333333, 0.0]",0.037897255014320064,-0.955590261004512,0.08528161816670288,0.9147183818332971
"[0.3333333333333333, 0.3333333333333333, 0.3333333333333333, 0.0]",0.037897255014320064,-0.955590261004512,0.08528161816670288,0.9147183818332971
"[0.3333333333333333, 0.3333333333333333, 0.3333333333333333, 0.0]",0.037897255014320064,-0.955590261004512,0.08528161816670288,0.9147183818332971
"[0.3333333333333333, 0.3333333333333333, 0.3333333333333333, 0.0]",0.037897255014320064,-0.955590261004512,0.08528161816670288,0.9147183818332971
"[0.3333333333333333, 0.3333333333333333, 0.3333333333333333, 0.0]",0.037897255014320064,-0.955590261004512,0.08528161816670288,0.9147183818332971
"[0.3333333333333333, 0.3333333333333333, 0.3333333333333333, 0.0]",0.037897255014320064,-0.955590261004512,0.08528161816670288,0.9147183818332971
"[0.3333333333333333, 0.3333333333333333, 0.3333333333333333, 0.0]",0.037897255014320064,-0.955590261004512,0.08528161816670288,0.9147183818332971
"[0.3333333333333333, 0.3333333333333333, 0.3333333333333333, 0.0]",0.037897255014320064,-0.955590261004512,0.08528161816670288,0.9147183818332971
"[0.3333333333333333, 0.3333333333333333, 0.3333333333333333, 0.0]",0.037897255014320064,-0.955590261004512,0.08528161816670288,0.9147183818332971
"[0.3333333333333333, 0.3333333333333333, 0.3333333333333333, 0.0]",0.037897255014320064,-0.955590261004512,0.08528161816670288,0.9147183818332971
"[0.3333333333333333, 0.3333333333333333, 0.3333333333333333, 0.0]",0.037897255014320064,-0.955590261004512,0.08528161816670288,0.9147183818332971
"[0.3333333333333333, 0.3333333333333333, 0.3333333333333333, 0.0]",0.037897255014320064,-0.955590261004512,0.08528161816670288,0.9147183818332971
"[0.3333333333333333, 0.3333333333333333, 0.3333333333333333, 0.0]",0.037897255014320064,-0.955590261004512,0.08528161816670288,0.9147183818332971
"[0.3333333333333333, 0.3333333333333333, 0.3333333333333333, 0.0]",0.037897255014320064,-0.955590261004512,0.08528161816670288,0.9147183818332971
"[0.3333333333333333, 0.3333333333333333, 0.3333333333333333, 0.0]",0.037897255014320064,-0.955590261004512,0.08528161816670288,0.9147183818332971
"[0.5, 0.0, 0.5, 0.0]",0.08311859409568412,-0.04260831241791607,0.9812907347399668,0.018709265260033248
"[0.5, 0.0, 0.5, 0.0]",0.08311859409568412,-0.04260831241791607,0.9812907347399668,0.018709265260033248
"[0.5, 0.0, 0.5, 0.0]",0.08311859409568412,-0.04260831241791607,0.9812907347399668,0.018709265260033248
"[0.0, 0.3333333333333333, 0.3333333333333333, 0.3333333333333333]",0.03643565455302111,-0.9537406392971965,0.061240268898235084,0.9387597311017649
"[0.0, 0.3333333333333333, 0.3333333333333333, 0.3333333333333333]",0.03643565455302111,-0.9537406392971965,0.061240268898235084,0.9387597311017649
"[0.0, 0.5, 0.5, 0.0]",0.012685542524961235,-0.1290361375168323,0.4784515425569902,0.5215484574430098
"[0.0, 0.5, 0.5, 0.0]",0.012685542524961235,-0.1290361375168323,0.4784515425569902,0.5215484574430098
"[0.0, 0.5, 0.5, 0.0]",0.012685542524961235,-0.1290361375168323,0.4784515425569902,0.5215484574430098
"[0.0, 0.5, 0.5, 0.0]",0.012685542524961235,-0.1290361375168323,0.4784515425569902,0.5215484574430098
"[0.0, 0.5, 0.5, 0.0]",0.012685542524961235,-0.1290361375168323,0.4784515425569902,0.5215484574430098
"[0.0, 0.5, 0.5, 0.0]",0.012685542524961235,-0.1290361375168323,0.4784515425569902,0.5215484574430098
"[0.0, 0.5, 0.5, 0.0]",0.012685542524961235,-0.1290361375168323,0.4784515425569902,0.5215484574430098
"[0.0, 0.5, 0.5, 0.0]",0.012685542524961235,-0.1290361375168323,0.4784515425569902,0.5215484574430098
"[0.0, 0.5, 0.5, 0.0]",0.012685542524961235,-0.1290361375168323,0.4784515425569902,0.5215484574430098
"[0.0, 0.5, 0.5, 0.0]",0.012685542524961235,-0.1290361375168323,0.4784515425569902,0.5215484574430098
"[0.0, 0.5, 0.5, 0.0]",0.012685542524961235,-0.1290361375168323,0.4784515425569902,0.5215484574430098
"[0.3333333333333333, 0.3333333333333333, 0.0, 0.3333333333333333]",0.04869058996263276,-0.9395515984585301,0.7589902960006207,0.24100970399937927
"[0.3333333333333333, 0.3333333333333333, 0.0, 0.3333333333333333]",0.04869058996263276,-0.9395515984585301,0.7589902960006207,0.24100970399937927
"[0.3333333333333333, 0.3333333333333333, 0.0, 0.3333333333333333]",0.04869058996263276,-0.9395515984585301,0.7589902960006207,0.24100970399937927
"[0.3333333333333333, 0.3333333333333333, 0.0, 0.3333333333333333]",0.04869058996263276,-0.9395515984585301,0.7589902960006207,0.24100970399937927
"[0.3333333333333333, 0.3333333333333333, 0.0, 0.3333333333333333]",0.04869058996263276,-0.9395515984585301,0.7589902960006207,0.24100970399937927
"[0.3333333333333333, 0.3333333333333333, 0.0, 0.3333333333333333]",0.024041741948959805,-0.5788502872485015,0.20758967639610137,0.7924103236038986
"[0.3333333333333333, 0.3333333333333333, 0.0, 0.3333333333333333]",0.024041741948959805,-0.5788502872485015,0.20758967639610137,0.7924103236038986
"[0.3333333333333333, 0.3333333333333333, 0.0, 0.3333333333333333]",0.024041741948959805,-0.5788502872485015,0.20758967639610137,0.7924103236038986
"[0.3333333333333333, 0.3333333333333333, 0.0, 0.3333333333333333]",0.024041741948959805,-0.5788502872485015,0.20758967639610137,0.7924103236038986
"[0.0, 0.5, 0.0, 0.5]",0.0066972404134491015,-0.10150017096865083,0.5602495769723254,0.43975042302767464
"[0.0, 0.5, 0.0, 0.5]",0.0066972404134491015,-0.10150017096865083,0.5602495769723254,0.43975042302767464
"[0.0, 0.5, 0.0, 0.5]",0.0066972404134491015,-0.10150017096865083,0.5602495769723254,0.43975042302767464
"[1, 0, 0, 0]",0.00261145009436925,-0.2115889537412371,0.19947738562169426,0.8005226143783057
"[0, 0, 1, 0]",0.0067329483111225885,-0.10094287104882993,0.9399656478829116,0.06003435211708841
"[0, 0, 1, 0]",0.0067329483111225885,-0.10094287104882993,0.9399656478829116,0.06003435211708841
"[0.5, 0.0, 0.0, 0.5]",0.027164775245919204,-0.03736212743008038,0.8717297357583099,0.12827026424169008
"[0.5, 0.0, 0.0, 0.5]",0.027164775245919204,-0.03736212743008038,0.8717297357583099,0.12827026424169008
"[0.5, 0.0, 0.0, 0.5]",0.027164775245919204,-0.03736212743008038,0.8717297357583099,0.12827026424169008
"[0.5, 0.0, 0.0, 0.5]",0.027164775245919204,-0.03736212743008038,0.8717297357583099,0.12827026424169008
"[0.5, 0.0, 0.0, 0.5]",0.027164775245919204,-0.03736212743008038,0.8717297357583099,0.12827026424169008
"[0.5, 0.0, 0.0, 0.5]",0.027164775245919204,-0.03736212743008038,0.8717297357583099,0.12827026424169008
"[0.5, 0.0, 0.0, 0.5]",0.027164775245919204,-0.03736212743008038,0.8717297357583099,0.12827026424169008
"[0.5, 0.0, 0.0, 0.5]",0.027164775245919204,-0.03736212743008038,0.8717297357583099,0.12827026424169008
"[0.5, 0.0, 0.0, 0.5]",0.027164775245919204,-0.03736212743008038,0.8717297357583099,0.12827026424169008
"[0.5, 0.0, 0.0, 0.5]",0.027164775245919204,-0.03736212743008038,0.8717297357583099,0.12827026424169008
"[0.5, 0.0, 0.0, 0.5]",0.027164775245919204,-0.03736212743008038,0.8717297357583099,0.12827026424169008
"[0.5, 0.0, 0.0, 0.5]",0.027164775245919204,-0.03736212743008038,0.8717297357583099,0.12827026424169008
"[0.5, 0.0, 0.0, 0.5]",0.027164775245919204,-0.03736212743008038,0.8717297357583099,0.12827026424169008
"[0.3333333333333333, 0.0, 0.3333333333333333, 0.3333333333333333]",0.08064821316329429,-0.04061134092774399,0.9862892377209376,0.013710762279062427
"[0.3333333333333333, 0.0, 0.3333333333333333, 0.3333333333333333]",0.08064821316329429,-0.04061134092774399,0.9862892377209376,0.013710762279062427
"[0.3333333333333333, 0.0, 0.3333333333333333, 0.3333333333333333]",0.08064821316329429,-0.04061134092774399,0.9862892377209376,0.013710762279062427
"[0.3333333333333333, 0.0, 0.3333333333333333, 0.3333333333333333]",0.08064821316329429,-0.04061134092774399,0.9862892377209376,0.013710762279062427
"[0.3333333333333333, 0.0, 0.3333333333333333, 0.3333333333333333]",0.08064821316329429,-0.04061134092774399,0.9862892377209376,0.013710762279062427
"[0.3333333333333333, 0.0, 0.3333333333333333, 0.3333333333333333]",0.08064821316329429,-0.04061134092774399,0.9862892377209376,0.013710762279062427
"[0.3333333333333333, 0.0, 0.3333333333333333, 0.3333333333333333]",0.08064821316329429,-0.04061134092774399,0.9862892377209376,0.013710762279062427
"[0.3333333333333333, 0.0, 0.3333333333333333, 0.3333333333333333]",0.08064821316329429,-0.04061134092774399,0.9862892377209376,0.013710762279062427
"[0.3333333333333333, 0.0, 0.3333333333333333, 0.3333333333333333]",0.08064821316329429,-0.04061134092774399,0.9862892377209376,0.013710762279062427
"[0.3333333333333333, 0.0, 0.3333333333333333, 0.3333333333333333]",0.08064821316329429,-0.04061134092774399,0.9862892377209376,0.013710762279062427
"[0.3333333333333333, 0.0, 0.3333333333333333, 0.3333333333333333]",0.08064821316329429,-0.04061134092774399,0.9862892377209376,0.013710762279062427
"[0.3333333333333333, 0.0, 0.3333333333333333, 0.3333333333333333]",0.08064821316329429,-0.04061134092774399,0.9862892377209376,0.013710762279062427
"[0.3333333333333333, 0.0, 0.3333333333333333, 0.3333333333333333]",0.08064821316329429,-0.04061134092774399,0.9862892377209376,0.013710762279062427
"[0.3333333333333333, 0.0, 0.3333333333333333, 0.3333333333333333]",0.08064821316329429,-0.04061134092774399,0.9862892377209376,0.013710762279062427
"[0.3333333333333333, 0.0, 0.3333333333333333, 0.3333333333333333]",0.08064821316329429,-0.04061134092774399,0.9862892377209376,0.013710762279062427
"[0.3333333333333333, 0.0, 0.3333333333333333, 0.3333333333333333]",0.08064821316329429,-0.04061134092774399,0.9862892377209376,0.013710762279062427
"[0.5, 0.0, 0.0, 0.5]",0.0073875230219010435,-0.04523152119074181,0.033641950483865646,0.9663580495161344
"[0.5, 0.0, 0.0, 0.5]",0.0073875230219010435,-0.04523152119074181,0.033641950483865646,0.9663580495161344
"[0.5, 0.0, 0.0, 0.5]",0.0073875230219010435,-0.04523152119074181,0.033641950483865646,0.9663580495161344
"[0.5, 0.0, 0.0, 0.5]",0.0073875230219010435,-0.04523152119074181,0.033641950483865646,0.9663580495161344
